<?xml version='1.0' encoding='UTF-8'?>
<Students>
<Student><FirstName>Sloan</FirstName><LastName>Barthrop</LastName><DateOfBirth>13.2.2000</DateOfBirth></Student><Student><FirstName>Gibby</FirstName><LastName>Exroll</LastName><DateOfBirth>26.8.2003</DateOfBirth></Student><Student><FirstName>Rabbi</FirstName><LastName>Allwright</LastName><DateOfBirth>11.6.2000</DateOfBirth></Student><Student><FirstName>Berne</FirstName><LastName>Hasted</LastName><DateOfBirth>10.2.2000</DateOfBirth></Student><Student><FirstName>Reyna</FirstName><LastName>Rankling</LastName><DateOfBirth>6.6.2003</DateOfBirth></Student><Student><FirstName>Cherise</FirstName><LastName>Goodyear</LastName><DateOfBirth>17.4.2000</DateOfBirth></Student><Student><FirstName>Tanitansy</FirstName><LastName>McLanaghan</LastName><DateOfBirth>3.6.2003</DateOfBirth></Student><Student><FirstName>Corny</FirstName><LastName>Cordeau</LastName><DateOfBirth>18.9.2000</DateOfBirth></Student><Student><FirstName>Mattheus</FirstName><LastName>Rhucroft</LastName><DateOfBirth>2.6.2005</DateOfBirth></Student><Student><FirstName>Hakeem</FirstName><LastName>Gatrell</LastName><DateOfBirth>29.11.1998</DateOfBirth></Student></Students>